﻿C_CUSTKEY,C_NAME,C_ADDRESS,C_NATIONKEY,C_PHONE,C_ACCTBAL,C_MKTSEGMENT,C_COMMENT
210001,Customer#000210001,ACyEqDl42jQr714XXo71zKD,4,14-900-404-3422,528.95,MACHINERY,counts sleep slyly slyly ironic instructions. unusual platelets into the blithely bold platel
210002,Customer#000210002,sw1IDiEHB7ZZ8m,2,12-709-209-6910,12.41,AUTOMOBILE,ndencies across the slyly ironic pinto beans integrate blithely alongside of the carefully 
210003,Customer#000210003,"j33kNdjkIJ9kXIZS4dVi1GQ,NEQLCq0ij",1,11-395-847-7747,8475.34,FURNITURE,are blithely. furiously ironic instructions are slyly across
210004,Customer#000210004,kNHtEYOfsR 4kXOdMUVzljCo12H0UBJdFz5,12,22-715-306-4873,4066.24,MACHINERY,usual pinto beans after the pending packages cajole blithely carefully final instructions. s
210005,Customer#000210005,"BtWP2FDmGp,",7,17-713-650-5515,7328.26,AUTOMOBILE,ts was slyly after the unusual theodolites. boldly regular pack
210006,Customer#000210006,31cmc dzImXgWUj,3,13-734-333-9671,8114.86,BUILDING, unusual dependencies. carefully pending instructions haggl
210007,Customer#000210007,",lTzUT2jxY3WngOpOgVgl6 iPupS5S131nAF1",4,14-373-578-9058,6588.76,HOUSEHOLD,es detect never regular foxes. blithely regular requests use according to the pending theo
210008,Customer#000210008, ItMrkW MqQPiohnCGS2j8EuHyd13zlw7OIa2,6,16-607-541-7658,9368.57,MACHINERY,ully ironic packages? instructions cajole furiously regu
210009,Customer#000210009,"LH UGJ4xksy,qUf2nwvLqJ,FxDKN4y,OSEo",10,20-865-705-3540,1551.87,MACHINERY,grate carefully alongside of the fluffily blithe packages. slyly even packag
210010,Customer#000210010,V0CwajerAUri7gjFkQEHC,16,26-104-374-2341,-766.86,BUILDING, quickly final theodolites. bl
210011,Customer#000210011,"k37,AQ3Rkw1f 02sgxGyCEwFiMzd pI6D P,",0,10-830-957-7687,1371.78,HOUSEHOLD, blithely ironic pinto beans hag
210012,Customer#000210012,Jbam9VH9cqNAJ7Is31s85XGoQZGGVAiM,17,27-282-610-6715,8423.73,AUTOMOBILE,gular asymptotes grow accordin
210013,Customer#000210013,pSwUJazMA14n5,10,20-422-353-4097,5681.75,HOUSEHOLD,ickly. foxes sleep blithely. furiously final accoun
210014,Customer#000210014,"7Fo72klosxdQ1Vz,GS",10,20-420-996-8028,178.86,HOUSEHOLD,ts cajole furiously Tiresias. slyly even 
210015,Customer#000210015,z2lhDF4fHuYEcFNPRsxCbsWw1x,20,30-366-605-5451,1110.17,MACHINERY,ldly regular dugouts boost carefully. 
210016,Customer#000210016,Gi8z02otm975gXDFZFyBojG4r P,10,20-240-769-8327,495.64,BUILDING,ly bold accounts are blithely blithe instructions. regular instructions cajole furiously re
210017,Customer#000210017,VDfmBJyZ rkje,8,18-386-623-2439,1243.89,HOUSEHOLD,ns cajole. slyly even dolphins against the furiously regular deposits are final instructions. blithely silent req
210018,Customer#000210018,0WNReTkwRnMG8z,12,22-166-700-9325,4033.48,BUILDING,. furiously final somas about the pendin
210019,Customer#000210019,YCHlPYDIUIL2,9,19-695-919-1392,6631.57,HOUSEHOLD, brave requests. carefully ironic accounts haggle slyly along the quickly pending theodolites. regular ideas d
210020,Customer#000210020,13uzCa6CCj3h,16,26-848-648-2054,2858.60,FURNITURE,"s. unusual, regular deposits boost carefully. close orbits sleep even foxes. c"
210021,Customer#000210021,"QHTwnf,2aYkRGmpVJ",6,16-812-849-7909,5484.84,FURNITURE,y along the unusual theodolites. even forges hinder fluffily. accounts wake qui
210022,Customer#000210022,J0FNzbRxRbrklNsVNyXAUCAlZlBebn,17,27-627-443-2070,1778.23,MACHINERY,leep blithely against the bold grouches. slyly regu
210023,Customer#000210023,GCeXYH5izjl7gzmu3Ms3LW,3,13-533-598-8445,8606.34,FURNITURE,ular theodolites. unusual foxes sleep quickly. slyly even deposits haggle above the regular 
210024,Customer#000210024,zBbc0rJQVZXJK,8,18-444-899-2663,5898.00,HOUSEHOLD," place of the regular accounts. pending, final packages wake quickly requests. silent excuses "
210025,Customer#000210025,khwdbBGul7Cg6HpTvLvb7XZT0OgpoPXA7iNrjW,21,31-385-575-3805,4717.81,HOUSEHOLD,uickly final packages. furiously daring accounts boost blithely. furiously special dolphins b
210026,Customer#000210026,hpflujVNYrn6D41CYpZAon,10,20-890-697-3954,2302.32,HOUSEHOLD,"ly even platelets. warthogs are blithely above the ironic, regular deposits. careful"
210027,Customer#000210027,finuSncOP6rOJKjnpZGrxsPeUfgHJyOjoCjJnO,1,11-503-947-1186,6085.10,HOUSEHOLD,even instructions. bold theodolites haggle 
210028,Customer#000210028,9a9Fddq4bRMSXN,0,10-135-397-8002,3294.04,HOUSEHOLD,ress escapades. slowly regular requests wake carefully carefully final
210029,Customer#000210029,",VxS1WR6ItBU,",6,16-455-123-9123,8835.62,BUILDING,"counts are final, even dependencies. slyly regular theodolites use thinly. fin"
210030,Customer#000210030,zUPSOaVM 99ArJpFcOcLc90pM3dFPs,0,10-635-532-9238,9323.77,BUILDING,p quickly regular deposits. special dependencies acro
210031,Customer#000210031,Ct169QT2Fc,17,27-292-616-1370,7748.08,MACHINERY,ts wake fluffily slyly final foxes. always express requests are ruthlessly
210032,Customer#000210032,"32lBdsVatc1yPs0fNeCgWvDrJWqmDq,GPnq",14,24-100-670-4278,2025.00,HOUSEHOLD,instructions haggle quickly final depen
210033,Customer#000210033,"k,511,rOb6v3RL57793uDUD",10,20-282-633-2666,9189.81,BUILDING,eep about the slyly pending requests. blithel
210034,Customer#000210034,Gv4cloYnLkVgQ,20,30-208-607-1898,203.02,BUILDING,"hless packages are quickly blithely express asymptotes. ironic, unusual dependencies wake qui"
210035,Customer#000210035,I6MP1Tjlb8jxi9oPN,20,30-752-340-5699,53.65,AUTOMOBILE,dencies need to boost furiously regular instructions; furiously regul
210036,Customer#000210036,BbMtQgfpus,3,13-499-812-9499,8594.43,AUTOMOBILE,uctions wake furiously about the theodolites. furiously final deposits sleep slyly. carefully pending requests 
210037,Customer#000210037,I5EksfznNLDlz6WlM3FQAHe4Tios,23,33-472-125-5050,3685.15,FURNITURE,never furiously ironic pinto beans. quickly iron
210038,Customer#000210038,gfsyykRCA2d0B3BptXLUt3al CTd3LLAa,14,24-546-409-7881,4251.42,HOUSEHOLD,ly express ideas nag bold waters. stealthy 
210039,Customer#000210039,"Emwr,x ndg4PPDBqij5GXZ5cYwQgSNg8fBeq",19,29-239-851-7273,6647.22,AUTOMOBILE,nst the carefully final asymptotes. furiously unusual instructions believe sly
210040,Customer#000210040,"g4Xo6 fZ5,NM",12,22-848-474-9365,1922.11,FURNITURE,p blithely furiously unusual packages. slyly bold braids cajole. slyly ironic foxes nag. furiously pending pla
210041,Customer#000210041,2 LBSIP3rzwn29noYAc63Om4,4,14-274-479-8660,6864.22,HOUSEHOLD,y bold accounts haggle always boldly bold ideas. blithely bold excuses sleep 
210042,Customer#000210042,"H QXbKLMolWGMOtx92Y7Q2d,H02vV9K",20,30-471-370-1842,7935.08,HOUSEHOLD,sts. final deposits haggle whithout the final deposits. packages solve.
210043,Customer#000210043,"fZB,G7HwjdYRrIZyaXJdB,KUxrm F4r",2,12-158-286-4241,9902.31,MACHINERY,eposits cajole slyly brave requests-- quickly regular theodolites sleep. boldly even packages wake regula
210044,Customer#000210044,"6g6erdcGbj,dgWufk",16,26-598-273-9838,7289.29,HOUSEHOLD,ual accounts. requests sleep. quickly bold dolphins grow against the blithely ironic requests-- ironic accounts a
210045,Customer#000210045,"0EkQmgCn,cOJ0ilsW",5,15-792-122-6131,2171.98,HOUSEHOLD,ly special ideas behind the furiously ironic dependencies haggle carefull
210046,Customer#000210046,UVVLl6TY0yRJiUGnV8BiTg,9,19-205-821-2479,4488.96,AUTOMOBILE,"he carefully ironic platelets. ironic requests snooze carefully blithely bold foxes. ironic,"
210047,Customer#000210047,QNed2yY3Dw3DgDTJs4BkHn,17,27-124-181-7854,5868.52,MACHINERY, pending platelets. blithely regular ideas in
210048,Customer#000210048,hs59vYL0Pa4RQP,7,17-186-777-8980,4204.77,BUILDING,"ding, pending packages cajole above the slyly even grouches. quickly final fox"
210049,Customer#000210049,enZjn4a2uZ0qu812QWDobcwSAOzpB,15,25-474-838-6458,3543.33,MACHINERY,e of the fluffily bold pinto beans cajole furiously for
210050,Customer#000210050,"Uv500sJSzm3B2,AuDk2evPbT3gV,CnDEm0",7,17-671-528-6145,7796.32,MACHINERY,d asymptotes detect blithely. unusual deposits are 
210051,Customer#000210051,c5R7cUCabw9AJikQ4q620TAEwH7kp,2,12-317-968-4562,9738.72,FURNITURE,sits. packages detect. furiously regular warhorses cajol
210052,Customer#000210052,"J2vZJ7r2arH,r2Eq9K5,G5dwW,lcd6Qsv Nt3",19,29-358-224-3170,7820.66,AUTOMOBILE,ke-- blithely ironic platelets wake fluffily furiously final request
210053,Customer#000210053,QlTcc2CFvatgJJ1WKwQkqm7GL7zanaWh6j,12,22-386-994-1899,802.89,BUILDING,inal requests. pinto beans sleep slyly unusu
210054,Customer#000210054,"UOUR,9VC7GFB",21,31-353-102-6986,6165.56,FURNITURE,"ve the furiously unusual instructions. carefully even platelets use above the silent, regular asymptotes. blit"
210055,Customer#000210055,wO753eox4RS,2,12-546-696-7368,2554.72,FURNITURE,nic accounts use about the carefully final requests. accounts boost. furiously express ideas nag 
210056,Customer#000210056,cQz355BwRECYJEEW,9,19-587-587-8433,2078.46,MACHINERY,y bold dependencies haggle carefully according to 
210057,Customer#000210057,RJKBjQbQ0 UhPemLR23drbPyqkfwPHzyiZfwK,14,24-980-571-2454,5645.84,AUTOMOBILE,ts cajole carefully across the ironic instructions. blithely regular foxes wake carefully fluffil
210058,Customer#000210058,me1o9m3sE2z8L5gKUgzmCgDG6bXvpGs2NiQ,14,24-398-274-2464,1708.97,BUILDING,ding instructions use fluffily even ideas. even packages caj
210059,Customer#000210059,AZ61JnZofAPft,17,27-702-422-1819,-451.55,HOUSEHOLD,"ding, ironic dependencies breach carefully. slyly regula"
210060,Customer#000210060,pMGAbqIO9lYJnF22,23,33-265-348-4545,9704.16,AUTOMOBILE,osits lose blithely. special foxes integ
210061,Customer#000210061,5TGrkncgvNjgtlIj7y,1,11-836-249-9837,9813.98,HOUSEHOLD,nusual pinto beans against the fluffily pending
210062,Customer#000210062,",1WyMLE5X93ajL2ToKRpTbHmR38wI0H6tfI2z4",13,23-832-832-1764,7606.08,FURNITURE,ully even packages. carefully bold packa
210063,Customer#000210063,"JquH57GRCy0,M6gLRlL 4XpWiGuDoJM6cJ6n",20,30-443-144-1811,2503.03,BUILDING,"efully regular packages. blithely silent requests sleep ruthlessly. regular, bold "
210064,Customer#000210064,"qHC,ZvqXgQ EcEPEl",23,33-705-507-2873,2357.51,BUILDING, carefully. slyly ironic accounts up the furiously even co
210065,Customer#000210065,"xunJuz bnyezCvQ,rhb2 Z9guqn9H xMu",12,22-785-777-6613,9577.58,HOUSEHOLD,ecial requests. fluffily bold packages cajole finally slyly regular accounts. blithely 
210066,Customer#000210066,MFVfU1sPS2ddCGgRKV4,21,31-285-442-1958,5517.02,BUILDING,osits. fluffily bold instructions cajole. s
210067,Customer#000210067,yUhrz7lqUglYpMk7YRnVKIEwfSFAF7,10,20-632-585-2404,3524.19,AUTOMOBILE,requests are idly among the fluffily
210068,Customer#000210068,"Gy,KYj2Dn63iKiBOpEZ2BvMFhOhsGS1n5fM1Bs8L",4,14-862-588-9995,5114.95,HOUSEHOLD,p permanent pinto beans. requests boost blithely. slyly enticing deposits among the reg
210069,Customer#000210069,grpdSrM0gvZyKVAZe5sAj5tyMC,19,29-806-990-9414,-50.90,AUTOMOBILE,platelets: packages across the ir
210070,Customer#000210070,"wV5IvXz2HVGmGk3JUc5G8P8,y",20,30-982-781-4965,477.68,AUTOMOBILE,"ar packages. foxes boost regularly unusual, regular pinto beans. blithely r"
210071,Customer#000210071,"h1B2VQ7ke,JIj",6,16-692-311-9431,7335.34,BUILDING,instructions wake furiously slyly regular
210072,Customer#000210072,8bNLbqO38TptJuczBBVoRthK5poNj1k9,18,28-787-198-9287,6047.17,FURNITURE,grate carefully. slow requests are sl
210073,Customer#000210073,",sMlcqVLIE8kU7Mnyjsgt yeUvFgopnw10N0omb",11,21-297-626-8644,3776.38,AUTOMOBILE,beans poach slyly final packages. express instructions at the blithely even
210074,Customer#000210074,"vhgMfEYrDfMRm74I,33D,dbeXmg3 JlqR",19,29-182-785-6965,8595.74,BUILDING,ly alongside of the slyly pending re
210075,Customer#000210075,"zIrjgbtiivBLEHW2,labQUpj9NptS6h ra",14,24-886-704-3651,3694.67,HOUSEHOLD, furiously final requests integra
210076,Customer#000210076,zL3RukO0l6,10,20-869-285-5708,-629.24,FURNITURE, sentiments: theodolites haggle furiously fur
210077,Customer#000210077,"ljnl6wUiqkNARo5WMSC1,XkEd6tpYv",24,34-953-400-6866,4335.65,MACHINERY,ggle evenly among the blithely unusual requests. requests cajole eve
210078,Customer#000210078,KDTPAYog5zzX5jUiVsZ4TjbqHXJf,2,12-966-759-3861,3206.66,BUILDING,"unts; even theodolites sleep about the express, unusual packages. slyly"
210079,Customer#000210079,"j8j v3OBrQR, E O5UNybo",9,19-994-322-1434,3273.99,BUILDING,"posits cajole regular, quick requests. carefully ruthless somas impress fluffily. bold, silent requests "
210080,Customer#000210080,"9tDc,R XjeZVI8o0unjpC26THyDmVZwRIde4 ,3P",21,31-319-171-1136,1870.77,HOUSEHOLD,rding to the stealthily brave requests. slyly ironic foxes haggle careful
210081,Customer#000210081,"yJOO0NtXkAtWIivhRkrHd2R,WJrX6WI,gDs R57",7,17-875-895-2402,2042.25,MACHINERY,promise idly above the blithely even courts. carefully ironic asym
210082,Customer#000210082,"G,JzNEpia61 7BSoM2cWt8NGnZ 8VFeCxy8toZD",12,22-880-645-4688,1975.42,MACHINERY,y. furiously ironic ideas should have to believe quickly. always unusual asymptotes around the pending account
210083,Customer#000210083,oX6puHYnJjGf5nSvjmyerclfuUY,3,13-454-662-3996,865.48,HOUSEHOLD,"ckages. silent, bold excuses boost bold packages. regular, even"
210084,Customer#000210084,KLxDhe 1VEVCbM4QRqzfVPNxuGByFXovpA7AwV,18,28-990-872-2850,2087.63,BUILDING, express packages. blithely regular p
210085,Customer#000210085,ZPzfwl1D9mXrOHUE,11,21-848-352-9935,5765.39,FURNITURE,"ter the regular requests. furiously final instructions thrash ironic, final ideas. slyly ironic dugouts integrate. b"
210086,Customer#000210086,"IP lisP8Uvdz1Wljh0k,TfXiuHNEb0AVUbPkN5",7,17-140-247-1829,8950.54,MACHINERY,t the furiously final pinto beans. fluffily even warhorses nod slyl
210087,Customer#000210087,VzxZUH4qvitx3TQCJ3AjlA1RDjZLp3hOQbz,3,13-478-789-3665,4725.73,MACHINERY, quickly final accounts use slyly. slyly final pack
210088,Customer#000210088,CXRMo0izkd2m,24,34-134-272-7161,3418.99,AUTOMOBILE,nic foxes hinder bravely express deposits: carefully unusual platelets nag closely after the ironic instructions.
210089,Customer#000210089,zdiwKw0ze7JrkbYg7Wy,20,30-596-508-8193,7992.26,FURNITURE,ideas was quickly across the blithely fluffy packages. requests sleep special deposits. blithe requests haggle bl
210090,Customer#000210090,2OY3NlNxpKs3ASoNtDzGyb nqx0fuyytfSMJJj,2,12-277-488-3129,3006.26,MACHINERY,s requests are blithely. carefully silent accounts haggle according to the furiously e
210091,Customer#000210091,KEKT6bYPEv3eEhxwO vw kdV3FZg0G,14,24-481-354-7436,1221.83,AUTOMOBILE," across the quickly final ideas nag above the regular, express pinto beans. quickly ironic deposits s"
210092,Customer#000210092,",9luDQbJ5QCMxzM9rFVDQA",21,31-207-479-5048,7212.67,HOUSEHOLD," to promise furiously pending, special foxes. regular, ironic platelets unwind slyly car"
210093,Customer#000210093,"H6y,qBY6ly,5mnlWbXFAXXtzKQeIeb3",17,27-239-873-5633,1399.99,FURNITURE," integrate slyly according to the pending, ironic requests. furiously regular asymptote"
210094,Customer#000210094,cK3mN0pqKZ89pWkdTC7,12,22-785-981-9209,9623.54,BUILDING,lites wake blithely along the furiously regular pinto beans. ironic realms breach. silently final deposi
210095,Customer#000210095,BAtYQ 9W vrabEpMEs,20,30-433-886-9373,7975.33,HOUSEHOLD,ins haggle furiously at the furiously even ideas. even grouches boost carefully at the deposits. furiously 
210096,Customer#000210096,"9GrgrOUqjTjL,YOB",7,17-805-417-7005,4473.53,FURNITURE,thely ironic platelets. final accounts use. slyly express frets sleep. slyly even requests wake. iron
210097,Customer#000210097,LNDR1LrAiOc0q lZPzDb3nCo8Kyj,18,28-333-360-2246,-434.14,AUTOMOBILE,"final requests nag quickly after the final, even dependencies. slyly silent foxes"
210098,Customer#000210098,bqZSsER9BKmCGAcDlAwW,13,23-537-395-2863,5336.42,FURNITURE,"ly pending theodolites. deposits cajole requests. unusual, even deposits haggle "
210099,Customer#000210099,uUo0qmCqasAQejOwInt,16,26-483-164-2637,4189.98,BUILDING,"sual theodolites above the blithely final courts haggle furiously express, final p"
210100,Customer#000210100,J4BYPpQwpraIzY8TDzGtJ32spWltw,17,27-724-132-2514,7941.49,MACHINERY,"final depths are quickly about the dolphins. quickly quiet depths detect blithely. special, "