Id,SEPAL_LENGTH,SEPAL_WIDTH,PETAL_LENGTH,PETAL_WIDTH,CLASS_NAME
150,5.1,3.5,1.4,0.2,another-category
151,4.9,3,1.4,0.2,another-category
152,4.7,3.2,1.3,0.2,another-category
153,4.6,3.1,1.5,0.2,another-category
154,5,3.6,1.4,0.2,another-category
155,5.4,3.9,1.7,0.4,another-category
156,4.6,3.4,1.4,0.3,another-category
157,5,3.4,1.5,0.2,another-category
158,4.4,2.9,1.4,0.285,another-category
159,4.9,3.1,1.5,0.1,another-category
160,5.4,3.7,1.023,0.2,another-category
161,4.8,3.4,1.421,0.2,another-category
162,4.8,3,1.479,0.1,another-category
162,4.3,3,1.1,0.1,another-category
164,5.8,4,1.2,0.2,another-category
165,5.7,4.4,1.5,0.4,another-category
166,5.4,3.9,1.3,0.4,another-category
167,5.1,3.5,-1.4,0.3,another-category
168,5.7,3.8,1.7,0.3,another-category
169,5.1,3.8,1.5,0.3,another-category
170,5.4,3.4,1.7,0.2,another-category
171,5.1,3.7,1.5,0.4,another-category
172,4.6,3.6,1,0.2,another-category
173,5.1,3.3,1.7,0.5,another-category
174,4.8,3.4,1.9,0.2,another-category
175,5,3,1.6,0.2,another-category
176,5,3.4,1.6,0.4,another-category