[{
    "albumId": 3,
    "id": 101,
    "title": "incidunt alias vel enim",
    "url": "https://via.placeholder.com/600/e743b",
    "thumbnailUrl": "https://via.placeholder.com/150/e743b"
  },
  {
    "albumId": 3,
    "id": 102,
    "title": "eaque iste corporis tempora vero distinctio consequuntur nisi nesciunt",
    "url": "https://via.placeholder.com/600/a393af",
    "thumbnailUrl": "https://via.placeholder.com/150/a393af"
  },
  {
    "albumId": 3,
    "id": 103,
    "title": "et eius nisi in ut reprehenderit labore eum",
    "url": "https://via.placeholder.com/600/35cedf",
    "thumbnailUrl": "https://via.placeholder.com/150/35cedf"
  },
  {
    "albumId": 3,
    "id": 104,
    "title": "et natus vero quia totam aut et minima",
    "url": "https://via.placeholder.com/600/313b40",
    "thumbnailUrl": "https://via.placeholder.com/150/313b40"
  },
  {
    "albumId": 3,
    "id": 105,
    "title": "veritatis numquam eius",
    "url": "https://via.placeholder.com/600/eaf2e1",
    "thumbnailUrl": "https://via.placeholder.com/150/eaf2e1"
  },
  {
    "albumId": 3,
    "id": 106,
    "title": "repellat molestiae nihil iste autem blanditiis officiis",
    "url": "https://via.placeholder.com/600/b1f841",
    "thumbnailUrl": "https://via.placeholder.com/150/b1f841"
  },
  {
    "albumId": 3,
    "id": 107,
    "title": "maiores ipsa ut autem",
    "url": "https://via.placeholder.com/600/50d332",
    "thumbnailUrl": "https://via.placeholder.com/150/50d332"
  },
  {
    "albumId": 3,
    "id": 108,
    "title": "qui tempora vel exercitationem harum iusto voluptas incidunt",
    "url": "https://via.placeholder.com/600/627495",
    "thumbnailUrl": "https://via.placeholder.com/150/627495"
  },
  {
    "albumId": 3,
    "id": 109,
    "title": "quidem ut quos non qui debitis exercitationem",
    "url": "https://via.placeholder.com/600/c5e1ce",
    "thumbnailUrl": "https://via.placeholder.com/150/c5e1ce"
  },
  {
    "albumId": 3,
    "id": 110,
    "title": "reiciendis et velit laborum recusandae",
    "url": "https://via.placeholder.com/600/2f9e30",
    "thumbnailUrl": "https://via.placeholder.com/150/2f9e30"
  },
  {
    "albumId": 3,
    "id": 111,
    "title": "quos rem nulla ea amet",
    "url": "https://via.placeholder.com/600/cc178e",
    "thumbnailUrl": "https://via.placeholder.com/150/cc178e"
  },
  {
    "albumId": 3,
    "id": 112,
    "title": "laudantium quibusdam inventore",
    "url": "https://via.placeholder.com/600/170690",
    "thumbnailUrl": "https://via.placeholder.com/150/170690"
  },
  {
    "albumId": 3,
    "id": 113,
    "title": "hic nulla consectetur",
    "url": "https://via.placeholder.com/600/1dff02",
    "thumbnailUrl": "https://via.placeholder.com/150/1dff02"
  },
  {
    "albumId": 3,
    "id": 114,
    "title": "consequatur quaerat sunt et",
    "url": "https://via.placeholder.com/600/e79b4e",
    "thumbnailUrl": "https://via.placeholder.com/150/e79b4e"
  },
  {
    "albumId": 3,
    "id": 115,
    "title": "unde minus molestias",
    "url": "https://via.placeholder.com/600/da7ddf",
    "thumbnailUrl": "https://via.placeholder.com/150/da7ddf"
  },
  {
    "albumId": 3,
    "id": 116,
    "title": "et iure eius enim explicabo",
    "url": "https://via.placeholder.com/600/aac33b",
    "thumbnailUrl": "https://via.placeholder.com/150/aac33b"
  },
  {
    "albumId": 3,
    "id": 117,
    "title": "dolore quo nemo omnis odio et iure explicabo",
    "url": "https://via.placeholder.com/600/b2fe8",
    "thumbnailUrl": "https://via.placeholder.com/150/b2fe8"
  },
  {
    "albumId": 3,
    "id": 118,
    "title": "et doloremque excepturi libero earum",
    "url": "https://via.placeholder.com/600/eb76bc",
    "thumbnailUrl": "https://via.placeholder.com/150/eb76bc"
  },
  {
    "albumId": 3,
    "id": 119,
    "title": "quisquam error consequatur",
    "url": "https://via.placeholder.com/600/61918f",
    "thumbnailUrl": "https://via.placeholder.com/150/61918f"
  },
  {
    "albumId": 3,
    "id": 120,
    "title": "eos quia minima modi cumque illo odit consequatur vero",
    "url": "https://via.placeholder.com/600/3ee01c",
    "thumbnailUrl": "https://via.placeholder.com/150/3ee01c"
  },
  {
    "albumId": 3,
    "id": 121,
    "title": "commodi sed enim sint in nobis",
    "url": "https://via.placeholder.com/600/fd8ae7",
    "thumbnailUrl": "https://via.placeholder.com/150/fd8ae7"
  },
  {
    "albumId": 3,
    "id": 122,
    "title": "consequatur quos odio harum alias",
    "url": "https://via.placeholder.com/600/949d2f",
    "thumbnailUrl": "https://via.placeholder.com/150/949d2f"
  },
  {
    "albumId": 3,
    "id": 123,
    "title": "fuga sint ipsa quis",
    "url": "https://via.placeholder.com/600/ecef3e",
    "thumbnailUrl": "https://via.placeholder.com/150/ecef3e"
  },
  {
    "albumId": 3,
    "id": 124,
    "title": "officiis similique autem unde repellendus",
    "url": "https://via.placeholder.com/600/bc8f1d",
    "thumbnailUrl": "https://via.placeholder.com/150/bc8f1d"
  },
  {
    "albumId": 3,
    "id": 125,
    "title": "et fuga perspiciatis qui quis",
    "url": "https://via.placeholder.com/600/d0882c",
    "thumbnailUrl": "https://via.placeholder.com/150/d0882c"
  },
  {
    "albumId": 3,
    "id": 126,
    "title": "id reiciendis neque voluptas explicabo quae",
    "url": "https://via.placeholder.com/600/7ef62f",
    "thumbnailUrl": "https://via.placeholder.com/150/7ef62f"
  },
  {
    "albumId": 3,
    "id": 127,
    "title": "magnam quia sed aspernatur",
    "url": "https://via.placeholder.com/600/74456b",
    "thumbnailUrl": "https://via.placeholder.com/150/74456b"
  },
  {
    "albumId": 3,
    "id": 128,
    "title": "est facere ut nam repellat numquam quia quia eos",
    "url": "https://via.placeholder.com/600/b0931d",
    "thumbnailUrl": "https://via.placeholder.com/150/b0931d"
  },
  {
    "albumId": 3,
    "id": 129,
    "title": "alias mollitia voluptatum soluta quod",
    "url": "https://via.placeholder.com/600/5efeca",
    "thumbnailUrl": "https://via.placeholder.com/150/5efeca"
  },
  {
    "albumId": 3,
    "id": 130,
    "title": "maxime provident eaque sapiente ipsa ducimus",
    "url": "https://via.placeholder.com/600/89afb1",
    "thumbnailUrl": "https://via.placeholder.com/150/89afb1"
  },
  {
    "albumId": 3,
    "id": 131,
    "title": "qui sed ex",
    "url": "https://via.placeholder.com/600/af2618",
    "thumbnailUrl": "https://via.placeholder.com/150/af2618"
  },
  {
    "albumId": 3,
    "id": 132,
    "title": "repellendus velit id non veniam dolorum quod est",
    "url": "https://via.placeholder.com/600/f9a540",
    "thumbnailUrl": "https://via.placeholder.com/150/f9a540"
  },
  {
    "albumId": 3,
    "id": 133,
    "title": "placeat in reprehenderit",
    "url": "https://via.placeholder.com/600/f8ee8a",
    "thumbnailUrl": "https://via.placeholder.com/150/f8ee8a"
  },
  {
    "albumId": 3,
    "id": 134,
    "title": "eveniet perspiciatis optio est qui ea dolore",
    "url": "https://via.placeholder.com/600/496b8d",
    "thumbnailUrl": "https://via.placeholder.com/150/496b8d"
  },
  {
    "albumId": 3,
    "id": 135,
    "title": "qui harum quis ipsum optio ex",
    "url": "https://via.placeholder.com/600/26016b",
    "thumbnailUrl": "https://via.placeholder.com/150/26016b"
  },
  {
    "albumId": 3,
    "id": 136,
    "title": "aut voluptas aut temporibus",
    "url": "https://via.placeholder.com/600/2e1c14",
    "thumbnailUrl": "https://via.placeholder.com/150/2e1c14"
  },
  {
    "albumId": 3,
    "id": 137,
    "title": "et sit earum praesentium quas quis sint et",
    "url": "https://via.placeholder.com/600/41c3dc",
    "thumbnailUrl": "https://via.placeholder.com/150/41c3dc"
  },
  {
    "albumId": 3,
    "id": 138,
    "title": "vitae delectus sed",
    "url": "https://via.placeholder.com/600/ff79d0",
    "thumbnailUrl": "https://via.placeholder.com/150/ff79d0"
  },
  {
    "albumId": 3,
    "id": 139,
    "title": "velit placeat optio corrupti",
    "url": "https://via.placeholder.com/600/ff2fe8",
    "thumbnailUrl": "https://via.placeholder.com/150/ff2fe8"
  },
  {
    "albumId": 3,
    "id": 140,
    "title": "assumenda sit non debitis dolorem saepe quae deleniti",
    "url": "https://via.placeholder.com/600/c0798a",
    "thumbnailUrl": "https://via.placeholder.com/150/c0798a"
  },
  {
    "albumId": 3,
    "id": 141,
    "title": "commodi eum dolorum reiciendis unde ut",
    "url": "https://via.placeholder.com/600/b13ff6",
    "thumbnailUrl": "https://via.placeholder.com/150/b13ff6"
  },
  {
    "albumId": 3,
    "id": 142,
    "title": "reprehenderit totam dolor itaque",
    "url": "https://via.placeholder.com/600/c7a96d",
    "thumbnailUrl": "https://via.placeholder.com/150/c7a96d"
  },
  {
    "albumId": 3,
    "id": 143,
    "title": "totam temporibus eaque est eum et perspiciatis ullam",
    "url": "https://via.placeholder.com/600/79439b",
    "thumbnailUrl": "https://via.placeholder.com/150/79439b"
  },
  {
    "albumId": 3,
    "id": 144,
    "title": "aspernatur possimus consectetur in tempore distinctio a ipsa officiis",
    "url": "https://via.placeholder.com/600/66a752",
    "thumbnailUrl": "https://via.placeholder.com/150/66a752"
  },
  {
    "albumId": 3,
    "id": 145,
    "title": "eius unde ipsa incidunt corrupti quia accusamus omnis",
    "url": "https://via.placeholder.com/600/f3472e",
    "thumbnailUrl": "https://via.placeholder.com/150/f3472e"
  },
  {
    "albumId": 3,
    "id": 146,
    "title": "ullam dolor ut ipsa veniam",
    "url": "https://via.placeholder.com/600/6c746e",
    "thumbnailUrl": "https://via.placeholder.com/150/6c746e"
  },
  {
    "albumId": 3,
    "id": 147,
    "title": "minima aspernatur eius nemo ut",
    "url": "https://via.placeholder.com/600/661f4c",
    "thumbnailUrl": "https://via.placeholder.com/150/661f4c"
  },
  {
    "albumId": 3,
    "id": 148,
    "title": "aperiam amet est occaecati quae non ut",
    "url": "https://via.placeholder.com/600/b9d67e",
    "thumbnailUrl": "https://via.placeholder.com/150/b9d67e"
  },
  {
    "albumId": 3,
    "id": 149,
    "title": "saepe recusandae ut odio enim ipsa quo placeat iusto",
    "url": "https://via.placeholder.com/600/cffa9b",
    "thumbnailUrl": "https://via.placeholder.com/150/cffa9b"
  },
  {
    "albumId": 3,
    "id": 150,
    "title": "ipsum numquam ratione facilis provident animi reprehenderit ut",
    "url": "https://via.placeholder.com/600/3689cd",
    "thumbnailUrl": "https://via.placeholder.com/150/3689cd"
  },
  {
    "albumId": 4,
    "id": 151,
    "title": "possimus dolor minima provident ipsam",
    "url": "https://via.placeholder.com/600/1d2ad4",
    "thumbnailUrl": "https://via.placeholder.com/150/1d2ad4"
  }]